Manhattan Beach,319.3855230968485
Beverly Hills,212.56242030752333
South Pasadena,211.09261346173548
Santa Monica,178.76272235631717
El Mirage,173.93997141495953
East Palo Alto,169.3980233602875
Burlingame,164.04501529617914
Pine Hills,162.5157780195865
Riverdale,159.5273514734959
Patterson,154.52525895568908
Florin,152.75829608962238
Lehigh Acres,152.203403879096
Adelanto,145.93980223390955
Colton,144.6865256752188
Jonesboro,138.4427865580315
West Little River,137.87363372741467
Soledad,135.22955039053994
San Bernardino,133.4277746462159
Caldwell,130.17881025227635
Ceres,128.00107049038317
Hesperia,126.96832075336637
Stockton,125.42739881120862
Rialto,124.66486073487533
East Point,124.49276959433813
Menlo Park,124.29549518446872
Modesto,124.06042254011346
Victorville,123.34502266185861
Nampa,123.33722386457544
Vallejo,122.50706203983042
Desert Hot Springs,121.36261657983054
Imperial Beach,121.12272361844174
Oakley,120.67238245251258
Los Banos,120.27139806144243
Southfield,120.17505216786459
Eastpointe,120.14989848373581
Oak Park,119.90151934065356
San Carlos,119.18001558975872
South Miami Heights,119.09766275292064
Florence-Graham,118.90379087831317
North Las Vegas,118.84332080410512
Avondale,117.9875924194782
Williston,117.92876174449587
Manteca,115.17817294627537
Big Spring,114.96893050199553
Poinciana,114.32885799362079
Mountain View,113.57235537493573
Buckeye,111.84198484079506
Lowell,111.83493854741062
Newark,111.66545976114912
Lake Worth,111.66123235392196
Mesquite,111.40581203399032
Perris,111.2797427652733
Westmont,111.1640410904021
Balch Springs,110.99794238683127
Palmdale,110.43500265396058
South San Francisco,109.64815329127724
Compton,108.7895454331782
Alameda,108.71311411081463
North Miami Beach,108.70352408664728
Port Saint Lucie,108.49968196986993
Hayward,108.04834053736718
Oakland Park,107.82461260056897
Redwood City,107.79397283143884
San Bruno,107.5804119985544
Inglewood,107.50249709521577
Sparks,107.4670373267455
Miami Gardens,106.65572114170246
Wheat Ridge,106.4984384650089
Tracy,106.16327016858878
Daly City,106.09797479678558
Rubidoux,106.09152031800748
Sunnyvale,105.93647988979068
Detroit,105.79133510167993
Lancaster,105.35299770030555
Pasco,105.05669295905346
Redmond,104.68194401536215
Moreno Valley,104.53008402205435
Egypt Lake-Leto,104.49357226334241
Inkster,104.42954975958037
Galt,104.26759110476304
Santa Clara,103.99122800077846
Madison Heights,103.80060169846527
North Miami,103.47925826801759
National City,103.37685134393857
Homestead,103.21726025224083
Coachella,102.77433213324055
Duncanville,102.56152322482292
Chillum,102.18126499327131
Turlock,102.0001718360684
Golden Glades,101.7956561426491
Oakland,101.60610426337975
San Jacinto,101.3004038234771
North Lauderdale,100.74589049011851
Phoenix,100.69112408651904
Redford,100.48502237251084
Forest Park,100.28451992733798
Fort Pierce,100.033431239105
San Mateo,100.03288875204679
Las Vegas,99.81934828003077
Pontiac,99.71821689683185
Banning,99.34308084702532
San Lorenzo,99.34178563693727
Commerce City,99.18177358923782
Sacramento,98.99433939539925
Lake Elsinore,98.84185035446711
Suisun City,98.751863065833
Salinas,98.14149367146553
Margate,98.04713561858738
Carson City,97.91346377494001
Lynwood,97.4071188182828
Palm Bay,97.39695410364364
Boise,97.13900539245057
Ellenwood,96.91794098643118
Greeley,96.91284284059694
Madera,96.865035237976
San Jose,96.67662549075936
Reno,96.22991587495872
Fontana,96.04264254563076
Ontario,95.74295630429629
Culver City,95.58644445217634
Palo Alto,95.46880706256682
Dearborn Heights,95.40093682038699
Kissimmee,95.2695041917357
Apache Junction,95.25637376489244
Foster City,95.24959958591323
Cutler Bay,95.13602347762289
Hialeah,95.07903331156106
Benicia,94.71720832497137
Montclair,94.5899038830563
Walnut Creek,94.24096799884158
Lithia Springs,94.22193426787608
Brighton,94.09665458183562
Elk Grove,94.06589423476932
Lincoln Park,94.04143542748801
Kirkland,93.91591719072395
Milpitas,93.90602908456792
Northglenn,93.63526811527633
Queen Creek,93.6136733267965
Dearborn,93.55155683842044
Paramount,93.31276399155227
Cupertino,93.17814510048666
Menifee,93.12643454879127
Wildomar,92.60233657361991
East Los Angeles,92.56369372731282
Hemet,92.29496684627746
Berkeley,92.06610327769795
Saratoga,91.81099534894159
North Port,91.71600267082127
Deltona,91.5839094289011
Huntington Park,91.55790337635585
Tamarac,91.5511619384121
Saint Clair Shores,91.15182553708179
San Leandro,91.10253227269945
San Tan Valley,91.0880532785302
Mesa,90.9874263606788
Litchfield Park,90.33376123234916
Pleasant Hill,89.95042669921406
Haltom City,89.34909954051523
Sunrise,89.24288709664752
Griffin,89.22429154072569
Citrus Heights,88.84611628779507
Maywood,88.75641306549699
Vacaville,88.55260822404102
Country Club,88.39023845957664
Merced,88.21274247755268
Pomona,88.17384343962362
Surprise,87.90988752461638
Denver,87.61674230963187
San Francisco,87.5408463584433
Pahrump,87.14183251345732
Thornton,87.13014798832822
Grand Rapids,87.11811117043365
Sun City,86.87178833047852
Westland,86.60589486478274
Arvada,86.2833067545466
Richmond West,86.07562194101386
Shoreline,85.86810517072037
Bend,85.86164593761957
Atwater,85.78958295660793
South Gate,85.62041359627756
Highland,85.54221880135633
Oildale,85.39478072369519
Campbell,85.13498308804634
Carmichael,84.64275618962105
Lafayette,84.47051599977769
Greenacres,84.19468730637976
Orlando,84.13059185835246
Westchester,84.0160617002119
Farmers Branch,83.82232863252004
Palm Springs,83.8181601545545
Wyoming,83.81312489408575
Town 'n' Country,83.70670987240804
Seattle,83.69459871833995
Garland,83.66680707666386
Arden-Arcade,83.57161684375085
Goodyear,83.56562742576436
Waterford,82.9476270646585
Bell,82.86926585303274
Cape Coral,82.85322569526888
Chelsea,82.79631865920152
Fair Oaks,82.28870111827271
Post Falls,82.04013991751776
Barstow,81.90801336763398
Winchester,81.89687289445523
Ken Caryl,81.83829843450691
Royal Oak,81.81078901690653
Los Altos,81.71495795192463
Odessa,81.64814414685242
Hollywood,81.63805942818078
Gilbert,81.55320889997272
Lemon Grove,81.54543144755819
Pacifica,81.43213334467661
Terrell,81.39477877190832
Revere,81.34406295285822
Sammamish,81.34210506190684
Watsonville,81.32131423854298
Kendall West,81.22385287014676
Somerville,81.18239872045595
Prescott Valley,80.98630136986301
Riverside,80.94107262945528
Baldwin Park,80.8532316883212
Eagle,80.75798319327731
Olivehurst,80.63361048734599
Los Gatos,80.44870906527568
Golden,80.36116787552952
Taylor,80.23334182030582
Longmont,79.70921667840902
Gilroy,79.62614253315922
Southgate,79.57234270876114
Hampton,79.4254818236342
Hermiston,79.3529619874995
Cambridge,79.2767445524619
Garden City,79.221283871302
Livermore,79.0518149987495
Bell Gardens,78.95576745040543
Kendale Lakes,78.88638620770234
Deerfield Beach,78.55100624566273
Bothell,78.49489267488251
Wyandotte,78.46525031834327
Littleton,78.3814318777628
Port Charlotte,78.26821145457103
Altamonte Springs,78.21067349124715
Buffalo,78.18812554981992
Columbine,78.14608157782853
Carson,78.14467276398622
Cathedral City,78.14095299767956
Dunedin,78.09978156173636
Maricopa,77.78897797750042
Grand Prairie,77.78755258401446
Ogden,77.4844454379494
Port Richey,77.4672260094389
Kearns,76.98482069211735
Saint Petersburg,76.8653519575295
Salt Lake City,76.80748937876756
Rancho Cordova,76.65957130835108
Lauderhill,76.65849722039572
University Park,76.61851841738797
Rochester Hills,76.48948343364992
Lithonia,76.48628218240029
Casa Grande,76.43837255002478
Edmonds,76.40040362168648
Longview,76.26846339701596
Delano,75.89848446558075
White Lake,75.8150421552939
Santa Ana,75.7537401697342
Sedalia,75.69374325406497
The Hammocks,75.68334431902447
Issaquah,75.66621338887735
Spring Valley,75.64087370784081
Rohnert Park,75.63684026778222
Castro Valley,75.54501720152285
Temecula,75.51736678754153
Coeur d'Alene,75.502351432236
Sterling Heights,75.47132987236036
Hawthorne,74.91470006457878
Van Buren,74.91081313814738
Pembroke Pines,74.89741408092709
Allen Park,74.76125026659399
Royal Palm Beach,74.4994233620737
Tampa,74.44613050075873
Tamiami,74.43934712138159
Everett,74.42328865440908
Cudahy,74.36545393734438
Tooele,74.33053067570835
Cedar Hill,74.30996705496618
Fort Collins,74.20242855450769
Denison,74.07820157936993
Atlanta,74.05309568809648
La Puente,74.0502267178235
Seaside,73.98667976051715
Magna,73.93959582500555
Lewiston,73.88480819237058
West Sacramento,73.8226093946596
Austin,73.79198529317894
Dickinson,73.78799907803416
South Salt Lake,73.76445903635414
Woodinville,73.70083960702381
Tempe,73.63557423269475
Albany,73.45265024496153
Millcreek,73.43360536716803
Yuba City,73.31553745962171
Lynnwood,73.22888283378747
Gardena,73.19354483302504
Pullman,73.15253301148626
Howell,73.15190753136545
Stanton,73.14824472405805
Norco,72.78486644243944
Centennial,72.69054409215457
Cocoa,72.51171013541837
Chandler,72.4851795372191
Vancouver,72.41574717596149
North Fort Myers,72.35182350767931
Parkland,72.34642296608523
Kennewick,72.26807744654695
Murrieta,72.17457932919143
Burien,72.17179977835505
London,72.12522146653713
La Vergne,72.07568674865807
Roy,71.9629677506725
Rocklin,71.85280405085757
Windsor,71.84616744853697
Kentwood,71.80700926732926
Boston,71.72997219453335
San Angelo,71.69298838566951
Yucaipa,71.68795092067279
South Lyon,71.66541033669644
Seatac,71.55900275206608
East Hill-Meridian,71.50473911215963
Greenville,71.30606530326517
The Colony,71.23269231945864
Lawndale,71.22760433062784
Hurst,71.20302518854018
Yucca Valley,71.19586346318326
Napa,71.18326369687409
Fort Worth,71.16402116402116
Pico Rivera,71.16249816976587
Burleson,71.15163832692069
Orangevale,71.12559008060913
Boulder,71.01929030215595
Zeeland,70.89255178986909
Coconut Creek,70.82651832786749
Lake Havasu City,70.73053851704853
Oroville,70.56880029612162
Nashville,70.54928800347487
Milford,70.54144100509298
West Valley City,70.47284502867807
Florence,70.46887103388569
Sherman,70.41445074218468
Pleasant Grove,70.29001591521958
Broomfield,70.03553559747539
Miramar,69.99751920087891
Wasco,69.93980104686861
Pleasanton,69.93927752181011
Woodland,69.93586471489024
Chula Vista,69.85056969005176
Morgan Hill,69.84381092751124
Paine Field-Lake Stickney,69.83777395788569
Farmington Hills,69.7823922297081
Douglasville,69.75160614900052
Azusa,69.74412288603376
Plymouth,69.70251894566636
Renton,69.69201192976449
Canon City,69.6248639294387
Los Angeles,69.52682581801963
Orion,69.41141579846331
Casselberry,69.35325599036808
Columbia,69.33602718339608
Ocoee,69.30508991161231
Ypsilanti,69.30322166327731
Novi,69.15622027369392
Winter Garden,69.00273366187723
Aloha,68.89218684146812
Lincoln,68.84545022013442
Dania Beach,68.82273173836639
Woodburn,68.66574368480953
Parker,68.65156384231123
Chino,68.63355144397019
Tacoma,68.57693120698968
Holiday,68.55131491626436
Lehi,68.53710241308863
Orem,68.44267620980237
Beaumont,68.3701152155838
Lake Magdalene,68.33812608626955
Brookline,68.13765348946836
Apopka,68.13629969931992
McMinnville,68.10977761236593
Pinellas Park,68.09321216088077
Commerce,68.01319963653175
Milwaukie,67.96321134316919
Beeville,67.89020893076608
Euless,67.78422825308184
Vista,67.75370682766581
Desoto,67.62843222474635
West Jordan,67.59222782207853
North Richland Hills,67.52687319551531
Hudsonville,67.38121043426855
West Palm Beach,67.27767919242345
Winter Park,67.2675615795647
Rancho Cucamonga,67.26498520092244
Cleburne,67.24468438863134
Santa Rosa,67.12146884808755
Camas,67.03498594109087
Rexburg,67.0044432492559
Wylie,66.91910790653222
Riviera Beach,66.87011320701217
Lynn,66.83756520847486
Spanish Fork,66.80592364806085
Malden,66.78364169682602
Rowlett,66.73077167193469
Greater Carrollwood,66.4966326813929
Springville,66.38807504497558
Norcross,66.32833816060109
Coral Springs,66.3119900568247
Jenison,66.3031162508498
Redlands,66.24474626765124
American Fork,66.16804807002238
Hillsboro,66.08787401705638
Snohomish,65.9916833861886
Pompano Beach,65.97098696752155
San Ramon,65.83098518729157
Midlothian,65.79760097816005
Glendale,65.72877987552953
Bellflower,65.56651717180247
Sandy,65.54836460638394
Shelton,65.51582598641423
Donna,65.46468111648215
Miami,65.45951783723523
Northville,65.35027739790756
Denton,65.33346448947472
South Whittier,65.25297979553272
Des Moines,65.23598383319425
Merritt Island,65.20145306789449
Midvale,65.09604840604683
Live Oak,65.04956835214875
Sebastian,64.94998147462023
Newport Beach,64.94669575425526
Burton,64.9420119077152
Evergreen,64.85707871894643
Waxahachie,64.78625066248185
Sanger,64.6981603032264
Davie,64.6629405726018
Plantation,64.63705872156848
Titusville,64.60171177596756
Holladay,64.5710024700564
Escondido,64.52803079351847
Richland,64.48230048746353
San Pablo,64.47182642266164
Rock Hill,64.46431542172684
Newberg,64.4299123259412
Spanaway,64.42504433228756
Calexico,64.20333382429222
Seminole,64.13873258221449
Clearfield,64.10248712005668
Melbourne,63.98680470549182
Largo,63.966113390936655
Chamblee,63.91808700307129
Santee,63.87873193936598
Channelview,63.86569205953815
Altadena,63.77271179930424
Battle Ground,63.70419210234141
Livonia,63.70037202813463
Stockbridge,63.65198827658573
Bozeman,63.60087642838342
Cottonwood Heights,63.599186706126964
Muskegon,63.519732028163055
Cottonwood,63.333765476113314
San Juan,63.31656859532392
Bakersfield,63.30658917177333
Walla Walla,63.286780514236774
Grand Haven,63.19581998012648
Bellingham,63.14251689376316
Federal Way,63.12772417943064
Corona,63.07274531640399
Stone Mountain,63.04093567251462
Bloomfield Hills,63.01817205146346
Mill Valley,63.01533578854429
Clermont,62.95798030684681
Lakewood,62.86953778198454
Petaluma,62.80022211443283
Riverton,62.791576163943716
Hobbs,62.7878319723387
Palmetto,62.77583310465762
Twin Falls,62.752035497038285
Provo,62.652283555659295
Rockledge,62.64401508185795
Tulare,62.57202799212542
Highlands Ranch,62.562042644078495
Arlington,62.50524074012237
Grand Blanc,62.43473059700286
Lake Stevens,62.357774513192766
Joplin,62.327484091347344
Moscow,62.237120820537776
Beaverton,62.22160664819945
Santa Paula,62.22131579732781
Murfreesboro,62.2050866128388
Garden Grove,62.204759204295215
Belmont,62.136706695141044
Brooklyn Center,62.119357359725015
Lawrenceville,62.038785663519135
Macomb,61.916827990229365
York,61.88719818286683
Dayton,61.87041890979863
Citrus Park,61.86845822317193
Delray Beach,61.84561408472622
Maple Valley,61.74894181881935
Redding,61.699343554402105
Lewisville,61.603836130035205
Richardson,61.419749909946994
Castle Rock,61.40715961137645
Security-Widefield,61.39952778432038
Irving,61.395071595973825
Kaysville,61.35826485007113
Palm Harbor,61.32755889589161
Kendall,61.31801570602482
Mount Vernon,61.307422580607074
Stuart,61.24686656843797
Ann Arbor,61.15191092168182
Upland,61.119807411456485
Holland,61.04103454215415
Centralia,61.001685769970734
Snellville,60.98144174992234
Forest Grove,60.941844568303715
Hallandale,60.902985019364486
University Place,60.88038715402961
Clarkston,60.73524236645906
Whittier,60.7173082384167
Gresham,60.35485420979598
Saint George,60.32259302615671
Rockwall,60.29178645315565
Fountainbleau,60.2911877394636
Weatherford,60.15835269587969
Keizer,60.15638055978974
Folsom,60.064739921783826
West Bloomfield,60.01172003187849
Fort Lauderdale,59.9935340509626
Melrose,59.853931107660706
Covina,59.66412644651425
Bountiful,59.6463929196254
Encinitas,59.603609668526005
Layton,59.56507783662334
Villa Rica,59.52624222460173
Carrollton,59.37528938936529
Kahului,59.364601618060696
Davison,59.36001895700041
Monroe,59.33781267708249
Little Elm,59.32496899683824
Nogales,59.30131619078901
Dickson,59.17122815553664
Pflugerville,59.143449911084765
Indio,59.14320720582745
San Diego,59.094696890121355
Miami Lakes,58.78846346019325
Chino Hills,58.784539840283145
McKinney,58.76556811649741
Downey,58.65671174392083
Selma,58.59998116988796
Clearwater,58.57886672723082
Lapeer,58.57357107148808
Winter Springs,58.560382519545975
Austell,58.493493362619745
Fairburn,58.429633331251175
Pueblo,58.38923501011807
El Monte,58.386648625354475
Edgewater,58.35746843612601
Temple Terrace,58.316485254511676
Cedar Park,58.28261964502729
Reedley,58.24581413677985
Fort Myers,58.223887298647355
Cartersville,58.198707254298675
Brownstown,58.19583436472294
Montebello,58.16050892403237
Pharr,58.1319465687774
Cleveland,58.11799070402115
Puyallup,57.97996570426525
Santa Maria,57.95171892622649
Rockford,57.915797932412474
West Covina,57.89936945875876
Eagle Pass,57.881973438876244
Graham,57.87822255663594
Kearney,57.86348490034858
Scottsdale,57.825880810363095
Wenatchee,57.79632925577497
Davenport,57.725218538677225
Moses Lake,57.702764086536185
Lufkin,57.666652383196926
Fresno,57.60686361008853
Oviedo,57.386010173088884
Oregon City,57.31191061355738
Lake City,57.285804928280925
Buena Park,57.22744566841298
Redondo Beach,57.144095280697826
Brenham,57.084061127651
South Hill,57.01172870984191
Anaheim,57.0008329658484
Lakeside,56.966314072746904
Draper,56.917728453987934
Spring Hill,56.8667950288815
Port Orange,56.85613980742921
Eustis,56.79530679744526
Port Angeles,56.763693924437455
Sun City West,56.692458581387505
Norfolk,56.609307419576396
Grapevine,56.56480923335033
Pittsburgh,56.52721904729018
Oxnard,56.49972567448296
La Mesa,56.48127493346752
Spokane Valley,56.42068027210885
Allen,56.39625512213791
Sarasota,56.336240018709695
El Cajon,56.25159711298758
Daytona Beach,56.02053128531209
Seffner,56.000716075904045
Colorado Springs,55.95750281161016
Deland,55.92792535125666
San Rafael,55.923091742547435
La Habra,55.90965267853056
Logan,55.75626510622058
Roseburg,55.74510409164181
Vero Beach,55.711672985528914
University,55.69957793985202
Duluth,55.68005085765533
Spokane,55.624614070624354
Round Rock,55.546924110861816
Minot,55.48703885280059
Alhambra,55.485898259156045
Cooper City,55.46957387626722
Bryan,55.43565511705464
Adrian,55.38459643244309
Huntsville,55.3201122151167
Plano,55.28463661123853
McDonough,55.265488591792845
Bremerton,55.22422188147311
Bonney Lake,55.08754592421538
Northfield,55.028066340552414
Tualatin,54.968677688828116
Shingle Springs,54.94310403832991
Longwood,54.9064418672644
Sherwood,54.89738110619689
Brooksville,54.83365148622853
Mount Dora,54.786948555494554
Bradenton,54.76999876500679
Decatur,54.64844163572573
Springfield,54.647812124590736
Fountain,54.645513610099336
South Jordan,54.64235532464138
Sonoma,54.52192601573026
Bartow,54.51726595150511
Tigard,54.44264943457189
West Hollywood,54.42518937350281
Auburndale,54.22688333769291
Hutto,54.21793000652113
Yakima,54.170684961607485
Park City,54.062920519725765
Arcadia,54.03443696478454
Wesley Chapel,53.8178702745154
Loganville,53.80402643149152
Rosemead,53.770525718189646
Mount Juliet,53.618884978799905
Riverview,53.552864023995014
Sequim,53.42567708920036
Eastvale,53.41278056014597
Brownwood,53.35986888316554
Plant City,53.35552944248596
Brockton,53.32824392162306
Jupiter,53.081933568966974
Avon Park,53.038378233676475
Corvallis,53.02914419902456
El Dorado Hills,52.98273871719877
New Port Richey,52.96759143547446
Lakeland,52.881438167657954
Central Point,52.864061499039074
New Smyrna Beach,52.84623700465285
Lake Mary,52.757712167959504
Stephenville,52.73588588055782
Sugar Hill,52.72760085970698
Temple Hills,52.67128355724097
Bastrop,52.65804370513266
Hilo,52.483115154017604
Boynton Beach,52.45215954177303
Porterville,52.439683239262415
Ormond Beach,52.411648453847945
Grandville,52.37295592417943
La Mirada,52.3712040264033
Punta Gorda,52.361335883478
Lutz,52.32000810660181
Weston,52.24985139686943
Clover,52.216045289947466
Ramona,52.19191751657907
Visalia,52.17222444626351
Hacienda Heights,52.12160690019204
Upper Arlington,52.094806350516535
Corcoran,52.00904520802177
Frisco,51.99657552960891
Santa Cruz,51.9963012793542
Gig Harbor,51.84746166339781
Carlsbad,51.79080077028003
Fallbrook,51.774530271398746
Baytown,51.727711241127594
Coon Rapids,51.70413644989916
Waltham,51.70372381116897
Port Orchard,51.61677845630194
Mc Minnville,51.56385751520417
Manassas,51.54518145091676
Sebastopol,51.42539488711384
Weslaco,51.36052567003845
Lompoc,51.35406504065041
Rancho Santa Margarita,51.33810355512986
Pocatello,51.24578908015018
Santa Clarita,51.24395363694442
San Dimas,51.23485917375427
Charlotte,51.02159641149036
Houston,50.91791566358624
Palm Beach Gardens,50.90304419789783
Woburn,50.796409575597345
Winter Haven,50.78569559814245
Sioux City,50.77163725043417
Prescott,50.717837514487606
College Park,50.68854883217365
Randolph,50.67530508706979
Happy Valley,50.674359961169735
Woodstock,50.59515940542227
Costa Mesa,50.50003143753362
Palm Coast,50.41133811603243
Boca Raton,50.17051315935307
Anderson,50.126625380408186
Wellington,50.12483634821412
De Pere,50.10861311940841
Brookhaven,50.09820909506527
Novato,50.04201532323553
Sparta,50.04084245849523
Valrico,49.976439021415544
Flowery Branch,49.963174692245644
Flower Mound,49.81418521135053
Leander,49.775039362018454
Poulsbo,49.71847205079592
Paso Robles,49.71698833726052
Monrovia,49.71047127230512
Ewa Beach,49.66425413089851
Bismarck,49.63644230566285
Silver Firs,49.56752057729825
Grand Island,49.50607214065615
Tarpon Springs,49.471520201743324
Derry,49.43931152671187
Framingham,49.15983143453465
Okeechobee,49.15221746173237
Lake Oswego,49.1374039182029
Lexington,48.97545152007464
Atascadero,48.97308367466355
Kannapolis,48.936685739846794
Gastonia,48.900011237606215
Lauderdale Lakes,48.809004974376705
Montrose,48.75330008800235
San Gabriel,48.72982732487294
Lemoore,48.471542158932664
Lake Wales,48.415225962996665
Bullhead City,48.41093124655445
Land O Lakes,48.40957449688412
Monterey Park,48.35950939721408
District Heights,48.34794898617819
Milton,48.295736937456915
Claremont,48.2483483714537
Paris,48.242960579243764
Goshen,48.20327485572688
Lake Forest,48.133633415803736
Waianae,48.098345159871606
Windermere,48.052452521145774
Tucker,48.036924052137394
Cicero,48.026853155556935
Ruskin,48.02674806986804
Dacula,47.99245767890814
Southlake,47.94858586033984
Dinuba,47.92114057715033
La Verne,47.88217648638441
The Villages,47.86592311578197
Waco,47.86302647256903
Glendora,47.80677839470796
Keller,47.795202695177636
El Centro,47.78770897434397
Bessemer,47.77930588140118
Minneapolis,47.711883436042015
New York,47.66458414947024
Placentia,47.57313555830243
Wailuku,47.547092825569536
Suwanee,47.523691537968205
Kalamazoo,47.44755893818452
Oak Harbor,47.445363381762334
Andover,47.42438418691687
Tustin,47.39842352524915
Eugene,47.386747816838096
Fernandina Beach,47.38156917237955
Miamisburg,47.34667081884979
Granbury,47.335174787176236
Coppell,47.3341091897793
Zephyrhills,47.2229807219704
La Porte,47.19694311225485
Cheyenne,47.09318234963406
Kyle,47.06764455503896
Crosby,46.98319144291639
Idaho Falls,46.94419626687272
Fridley,46.876895438239764
San Antonio,46.785836256946816
Winder,46.767663480370665
Ramsey,46.645546879349
Temple City,46.580530561355545
Gahanna,46.503399086147326
Kingman,46.48013765242762
Torrance,46.47081604241297
Asheville,46.469473392752285
Fountain Valley,46.4392485077482
Indian Trail,46.3748427672956
Poway,46.33270389251495
Indianapolis,46.21838475703709
Grants Pass,46.20286604130362
Alamo,46.12486394462895
Brooklyn Park,46.12180337903353
San Marcos,46.04916863439591
Alpharetta,45.898676162462046
Coral Gables,45.895110970413285
Pearl City,45.89089267089979
Kalispell,45.88620858786284
Homewood,45.878027503528735
Willis,45.854187860291624
Buford,45.800915795445334
Kennesaw,45.75768435561682
Brentwood,45.70958112108931
Portland,45.66345814644963
West Linn,45.6546880914775
Rowland Heights,45.55479462220366
Gallatin,45.551980578510204
Aliso Viejo,45.17065842905985
Mankato,45.01729057367888
Hastings,44.95895530688973
Kerrville,44.93980471493477
Fullerton,44.91509791990434
Powder Springs,44.86271368858409
Mission Viejo,44.80946646818436
Doral,44.795269906574816
Venice,44.741390843657186
Wahiawa,44.545481828276465
Peabody,44.51835039449102
Rancho Palos Verdes,44.48607868444342
Acworth,44.48477648715241
Oakdale,44.43089969524314
Hollister,44.422599996924696
Quincy,44.356054132160786
Vidor,44.33124434464962
Elkhart,44.31610044313146
North Platte,44.311992098495
Matthews,44.19533371545625
Converse,44.01193649412112
Katy,44.01193572116829
Mililani,44.010178754780135
Burlington,43.98076918517956
Blacklick,43.95863807722954
Waipahu,43.94910271784695
Palm City,43.944019420332495
Blaine,43.92249881401214
Cypress,43.91287167835622
Red Bluff,43.87245975671935
Mandan,43.871828634578755
Lake Jackson,43.79362586732894
Burnsville,43.785243691735175
Manchester,43.7053528385734
Chico,43.69491139974104
New Albany,43.56846473029046
Laguna Hills,43.50311772778805
Del Rio,43.49922468336521
Fayetteville,43.43980860740857
Dana Point,43.39844666106188
Durham,43.3175413495744
Richfield,43.282305609675866
Grove City,43.24798362120116
Alice,43.14600676783824
Kingsville,43.08627867112889
Tonawanda,43.07700505315133
Davis,43.0149825409402
College Station,42.84971903695921
Janesville,42.78833245189374
Reading,42.57932864920876
San Juan Capistrano,42.550445039751125
Honolulu,42.546886066907575
Fort Wayne,42.51580698835274
Shakopee,42.49608452745506
Mercedes,42.41357860126189
Moultrie,42.401463749332926
Brainerd,42.366107114308555
Troy,42.35515718368407
Cheektowaga,42.32297063903282
Dedham,42.31282439083563
Beltsville,42.30686473122034
Wakefield,42.29429073859916
Tifton,42.28481206071101
Taylors,42.26743502293308
Sandy Springs,42.20660760510577
Lacey,42.20082508182544
Woodbridge,42.08229023661471
Peachtree Corners,42.06682454855647
Hoboken,42.03117303427689
Lilburn,41.99227455058684
Eau Claire,41.98426238379041
Diamond Bar,41.98404204934106
Jeffersonville,41.93441594647337
Jesup,41.90349887832629
Grand Forks,41.81582426522933
Spring,41.73876063954706
Nacogdoches,41.62921167523036
Tomball,41.61311535932254
Somerset,41.365155744930945
Mableton,41.36327047271431
Helena,41.32136793596896
Bentonville,41.31728053035209
Saugus,41.316847391714084
Dunnellon,41.3083370530179
Ventura,41.25076385606069
Corpus Christi,41.18537990825448
Grandview,41.12848402447315
Shaler Township,41.03396159317212
Bonita Springs,40.98638147264753
Ellensburg,40.93683311993171
Hilliard,40.827002586063216
Rogers,40.797230464886255
Apple Valley,40.71102541726253
Niagara Falls,40.662160297972136
Peachtree City,40.57753454450893
Nashua,40.56406593115855
Ocala,40.546289993192644
Elmont,40.47300097063682
Cottage Grove,40.404463312042374
Athens,40.286131386861314
Ladson,40.28530220075918
Olympia,40.24668558473342
Brownsburg,40.24435552144811
Port Huron,40.23137764136466
Newnan,40.20402261722379
Conroe,40.20355021123697
Saint Paul,40.18380769120308
Aptos,40.17471229219469
Missoula,40.120372746519536
Maplewood,40.09304828885335
Brea,40.09081429907011
Town Of Amherst,40.08463644798479
Fort Walton Beach,40.06333836885499
Simi Valley,40.060412166880496
Blue Springs,40.013770348757944
Dahlonega,40.00784517173967
Ringgold,40.00453491518977
Sioux Falls,39.98583220401626
Inverness,39.982446495568226
Corbin,39.981792273590884
Methuen,39.97142411616024
Marysville,39.83345612802632
Rochester,39.7706958508311
Reynoldsburg,39.71320828231103
Westerville,39.68794623557308
Galveston,39.59740931066987
Boerne,39.57325263963717
Tehachapi,39.57130027886752
Naples,39.501564586201056
Beverly,39.37206131931113
Shoreview,39.34915621181177
Dumfries,39.32964044163409
Miami Beach,39.300148094836054
Pearland,39.299511346483484
San Clemente,39.29230294115257
Kettering,39.2177757424173
Dawsonville,39.19813680298198
Ladera Ranch,39.16662476324567
Cumming,39.166071728130646
Springdale,39.144375870683554
Missouri City,39.12805779476165
Dover,39.089418256049335
Orange Park,39.08447301797943
Colleyville,39.05332608422108
Kailua Kona,38.91491851274026
Irvine,38.87770995321232
Huntington Beach,38.859342131623755
Fremont,38.85858125175414
Lawrence,38.84759806355512
Hanford,38.79199344492567
Chatsworth,38.77644939243506
Ellijay,38.7620103967607
Tyler,38.74199292761353
Lees Summit,38.72778297474275
Beloit,38.67290344136318
Elizabethton,38.67062484825745
Laguna Niguel,38.58256287273989
Rosenberg,38.52506627744184
Moorhead,38.52106793196779
Friendswood,38.51626988614124
Inver Grove Heights,38.51377262311182
San Luis Obispo,38.48581189659292
Watertown,38.45999786370434
Roswell,38.41910814860745
Naugatuck,38.4118724101378
Camarillo,38.39892317268166
Providence,38.389403678659875
Ashland,38.35722956108303
Marietta,38.32260334941106
Edinburg,38.28569062089101
Battle Creek,38.284321096384765
Sterling,38.25864299793221
Bristow,38.23412777094817
Kaneohe,38.222169403919416
Hinesville,38.10047814274168
Saint Louis Park,38.0972190706704
Paradise,37.99780253672077
Uniondale,37.935133407892636
Bella Vista,37.88542465714143
Eagan,37.86517702121235
Dracut,37.83825920399118
Yorba Linda,37.73636960737133
Mount Pleasant,37.727558066541114
Garner,37.7213136143683
Wellesley,37.66610504580319
Woodbury,37.66392838375781
Prior Lake,37.633710134080815
League City,37.556830924177866
Texas City,37.55343868508143
Chelmsford,37.535293241629155
Warrenton,37.521188213310694
Plainfield,37.516030879875274
Atascocita,37.50728707633095
Piedmont,37.468172666982476
Haverhill,37.41113873260936
Tewksbury,37.36049612103809
Bedford,37.3530713030169
Dublin,37.3439480988224
Natick,37.281070670113166
Calhoun,37.27117785250357
Saint Augustine,37.249859059120624
Lakeville,37.245374903470626
Town Of Clarence,37.110122679058016
Noblesville,37.04330668938689
Billerica,37.03857320613853
State College,36.98782875517914
Weymouth,36.98150138779701
Savage,36.938546574476334
North Tonawanda,36.92400228094706
Morrisville,36.88310192801211
Omaha,36.870648284279724
Town of Lancaster,36.74584363934784
Johns Creek,36.71347345868723
North Charleston,36.6758707202953
Stoughton,36.674165741855234
Nixa,36.666385574341895
East Chicago,36.605236873543404
Hendersonville,36.574517654890016
Foley,36.49316410470661
Gainesville,36.488107404498855
Danvers,36.48597150787709
Placerville,36.45807151455823
Owatonna,36.45039117181005
New Braunfels,36.41989422618101
Candler,36.38727054772558
Faribault,36.312546859210485
Leesburg,36.29915845802006
Norwood,36.27043749628163
West Lafayette,36.257732832405864
Vincennes,36.226847228325276
Bloomington,36.21322369192206
Fort Washington,36.19165687237365
Leesville,36.09385979906178
West Seneca,36.082814988431146
Seymour,36.047690831848705
Pawtucket,36.03084277015876
Arroyo Grande,36.02678843690919
Berea,36.02035579883681
Ozark,36.00245479207493
Winona,35.86565679749063
Aberdeen,35.792154865002544
Avon,35.75988102728365
Cornelius,35.74484371677652
Newton,35.67153563250295
Owosso,35.61591525006159
Dunwoody,35.58729614531973
Cookeville,35.5578032351928
Raytown,35.55127519891893
Monterey,35.475494319167964
Overland Park,35.415110335160364
Cerritos,35.39803629444813
Walnut,35.39775310308724
Chattanooga,35.385238060195746
Delaware,35.378090682831086
Huntersville,35.35023122498129
Jersey City,35.302525768556805
Greer,35.29125146323927
The Woodlands,35.25375210187614
Olathe,35.230135214693135
Green Cove Springs,35.215406665141096
Spartanburg,35.20722239648683
Bayonne,35.16519540913576
Knightdale,35.087667927710555
Sebring,35.01637604523082
Chillicothe,35.004629678902496
Valley Stream,34.90675716013889
Waycross,34.90145799431267
New Orleans,34.847581574659195
McAllen,34.832111153994596
Plainview,34.77218619160988
Conyers,34.765471602065304
Kapolei,34.717302146948256
Summerville,34.69355671839558
South Lake Tahoe,34.653330167398785
Grass Valley,34.63744163283644
Navarre,34.59333632759112
Moorpark,34.570012708983974
Aiea,34.51024304138041
Raleigh,34.48472816549132
Liberty,34.423261067052955
Copperas Cove,34.40738010402588
Brookings,34.37214201467073
Morehead,34.328145080679704
Roseville,34.31813201311276
Crown Point,34.27345781011997
Independence,34.18982484060395
Granger,34.079055385961546
Valparaiso,34.07126585670895
Takoma Park,34.04021798261102
Middleburg,34.040211011954455
West Allis,34.01568793036248
Hudson,33.953490203490205
Ashburn,33.85425432710897
Hartsville,33.8370253164557
Lenexa,33.83648283510827
Marshall,33.8157912354225
Zanesville,33.79517195841214
Thousand Oaks,33.78738636730102
Rapid City,33.762785392397014
Town of Hamburg,33.74616973312995
Falls Church,33.69733825538009
Billings,33.61862255178528
Newburgh,33.598775861519336
Cary,33.59046597676495
Manhattan,33.58350602717049
Neosho,33.488921196751235
Onalaska,33.45913047272093
Marlborough,33.42604368070419
Statesboro,33.40644148218949
Town of Orchard Park,33.39770717456314
Apex,33.389872944561795
North Andover,33.35973926586618
Reidsville,33.358685040978955
Michigan City,33.3329180940517
Crawfordsville,33.32235822745584
Fuquay Varina,33.213924335937314
Maple Grove,33.211473332946916
Merrimack,33.148328347809375
Southaven,33.14596764853492
Palestine,33.127593227327786
Londonderry,33.10663965536007
Appleton,33.0965173360133
Sun Prairie,33.08919558925539
Holly Springs,33.080012140739186
Utica,33.0484652118448
Flagstaff,33.04686554723526
West Chester,32.99940393602581
Annandale,32.98766181413003
Minnetonka,32.956712737938666
Tucson,32.95511866054879
Goose Creek,32.95406546990496
Gaffney,32.945585951499226
Warrensburg,32.9443359006661
Porter,32.860086484604004
Bellevue,32.81828664450926
North Bergen Township,32.815500416424406
Abilene,32.80864314738161
La Crosse,32.70494638533379
Franklin Square,32.69168160857544
Pensacola,32.52403519567806
Warsaw,32.5003243617282
Easley,32.473425374180074
Schertz,32.465672977432256
Ukiah,32.46071721414347
East Lansing,32.375756542494244
Collierville,32.33196208191737
Fishers,32.31304079810356
Papillion,32.29458478184352
Murray,32.282548582108056
Paragould,32.273603082851636
Douglas,32.260982712683564
Paducah,32.25999586340529
Kansas City,32.22407783095529
Butte,32.20676654784559
Woonsocket,32.182361988433534
Martinsburg,32.08897540866279
Owensboro,32.0782511342879
Stevens Point,32.07066165143067
Santa Barbara,31.991031784411135
Mission,31.98483997754071
Lagrange,31.957697440374062
Centreville,31.946080318100655
Simpsonville,31.878340410249912
Worcester,31.85656566636433
Clayton,31.826208279741014
Walpole,31.78659717232729
Duncan,31.750452137449788
Germantown,31.744814971957886
Attleboro,31.719052098997725
New Bedford,31.695536895699906
Crestview,31.629872733079207
Morristown,31.624103107951886
Memphis,31.539619253821982
Newtown,31.51075644020997
Okemos,31.43310969162781
Midland,31.421459685305358
Inman,31.367736084017768
Knoxville,31.362474520335198
Leavenworth,31.354802214230876
Eureka,31.26790738494102
Hicksville,31.257829955958517
Glasgow,31.23205854828025
Gloucester,31.202670548994472
Stafford,31.189777667809548
Hickory,31.15889318862929
Kirkwood,31.15026635128358
Los Lunas,31.136144989603697
Cranston,31.10540455870207
Perth Amboy,31.093785220838804
Stillwater,31.093656043295248
Muncie,31.080067934574718
Cantonment,31.051918331863103
Bowie,31.014692537354787
Summerfield,31.007791188551824
Bethel Park,30.919471328720167
Cranberry Township,30.891060660772595
Temple,30.7844564586179
Elizabeth,30.732455537077097
Ponte Vedra Beach,30.69247320081459
Louisville,30.62659524751051
Eden Prairie,30.62576005003301
Dartmouth,30.615135238636025
Fairfield,30.605207195815854
Lenoir City,30.546683160090836
Texarkana,30.5424144577107
Rockingham,30.532811002572423
Sumter,30.509329299041855
Wentzville,30.474478827927577
Oak Ridge,30.422189771599612
Dallas,30.376914587855786
Mason,30.36887147820343
Greeneville,30.350089572856188
Chantilly,30.330367559645698
Kokomo,30.301906209240272
Levittown,30.245204805733156
Wauwatosa,30.218520601817932
Fort Mill,30.21504282546335
Maryville,30.19933108734925
Edina,30.1885615827717
East Orange,30.138163075381204
Albertville,30.110720089792004
Shelbyville,30.104673592683618
Salem,30.103817281584412
Marshfield,30.08043023034456
Montgomery,30.03021311764148
South Bend,29.957382802707443
Belton,29.93569009956032
Lorton,29.926923147466418
Russellville,29.905356620158063
Tiffin,29.824691724855146
Sidney,29.746370335061272
Galesburg,29.742256798022392
Macon,29.698099244905514
Concord,29.671205208750944
Greenwood,29.523384068838617
Leominster,29.439336657673636
Groveton,29.3923084987943
Wheeling,29.382597366457112
Leawood,29.33372371302001
Jeffersontown,29.247544004431532
Ankeny,29.239057586224675
Hot Springs,29.237716463667248
Yorkville,29.22279002364427
Meridian,29.202803514264357
Carmel,29.18124014480957
East Meadow,29.08546438588473
West Des Moines,29.069957235660887
Olive Branch,29.063870614035086
Kailua,29.040980925601477
Goleta,28.93699369936994
Westlake,28.886754000195868
Dalton,28.86328018693518
Powell,28.856383819855154
Saint Cloud,28.823525162707043
Taunton,28.74219539990049
Elizabethtown,28.714100867082117
Sugar Land,28.65641217220404
Gladstone,28.6336725388301
Greater Upper Marlboro,28.59260431140031
Mebane,28.578914337592387
Burke,28.57477046795816
Huber Heights,28.46848986944601
Ames,28.38229340287819
Panama City,28.328345694004714
Beavercreek,28.319741453972647
La Quinta,28.297111738469503
Enid,28.291225371279804
Hamilton,28.25937842520242
Ada,28.256269538982405
Thomasville,28.162056196906992
Dubuque,28.094289207916308
Chicago Heights,28.034110669112216
Melrose Park,28.030529781502544
Salina,28.026780547185247
Bridgewater,28.0140652784241
Merrillville,27.999074716631966
Green Bay,27.98941843095693
Laramie,27.930561716198234
Grand Junction,27.9210861063692
Bangor,27.888356663411308
Thibodaux,27.8860864623858
West Monroe,27.87546498946771
Lancaster Township,27.8398994327573
Herndon,27.784857605090245
Johnston,27.737727593642987
Mishawaka,27.7213266775842
New Berlin,27.612419565390766
Fargo,27.60520454811863
Chaska,27.593626722680465
Fitchburg,27.550293242280237
Montgomery Village,27.54249572924054
Durango,27.535804962897505
Bettendorf,27.5333996588971
Dunn,27.442003616358253
Superior,27.329447343566653
Opelika,27.323605978280145
Urbandale,27.320084795997307
Schererville,27.308107140904504
Union City,27.278924814959094
Niceville,27.234507170861168
Hartselle,27.18876222960237
Raeford,27.180265546981392
West Fargo,27.15030097047623
Bluffton,27.125922862877864
Juneau,27.072554826190153
Huntington,27.031346316294147
Stamford,26.890736342042754
Hobart,26.84585744816935
Marana,26.729384767352084
Smiths,26.64790525487043
Pleasure Ridge Park,26.64135679210195
Saint Peters,26.63315100340467
Medina,26.632458450640268
Sheridan,26.627977898966705
Blacksburg,26.616655214219126
Sheboygan,26.61303177773402
North Royalton,26.54191740169813
Sapulpa,26.524782622343597
North Olmsted,26.495762297714293
Alabaster,26.47099586735208
Fleming Island,26.468888628197274
Fairdale,26.465114676132544
Moncks Corner,26.461765455738846
Wooster,26.45800698879383
Hernando,26.390457763412478
Aventura,26.329573379224314
Georgetown,26.267845108716703
Oklahoma City,26.208895781200436
Taylorsville,26.186327532755538
Milledgeville,26.00791459756066
Flint,25.982142857142858
Sylvania,25.961333108525825
Green Valley,25.958230123481197
North Providence,25.938736419805842
Farmingdale,25.917231808889323
Bardstown,25.87688678109728
Cumberland,25.864439775044808
Fairfax,25.860948807290267
Ballwin,25.76829390370049
Fairborn,25.759375355029277
Metairie,25.724469094902197
North Attleboro,25.703101185605874
Wisconsin Rapids,25.69211519656808
Lubbock,25.688157293095564
Dyersburg,25.609106812362143
Fredericksburg,25.553347221889645
Bloomfield,25.491547666784864
Cincinnati,25.471571005119912
Clarksville,25.444257861762466
Albemarle,25.41575823939462
Evansville,25.407258140454626
Baldwin,25.369794311833417
Silver Spring,25.292175053667755
Strongsville,25.19150923811501
Muskego,25.046864714804958
Town Of Ithaca,25.045844030273727
Fond du Lac,25.034873625784048
Sierra Vista,24.984651623169157
Greenfield,24.961028954153456
Jackson,24.947541502411372
Stow,24.925511147642045
Henderson,24.920333374188015
Campbellsville,24.787603206892424
Greenbelt,24.760782332968546
Great Neck,24.73253498718645
Kearny,24.7266903418982
Franconia,24.655585949888994
North Ridgeville,24.6546808634433
Milwaukee,24.652439966903376
Pickerington,24.622583369473418
Madisonville,24.571144760133972
Green,24.540884738293965
Brookfield,24.53441209947107
Warwick,24.47455246066254
Vestavia Hills,24.472254097473314
Maumee,24.454374471415406
Barnstable,24.448355097903406
Opelousas,24.441179229061806
Kenosha,24.433707324665036
Sahuarita,24.411010270621077
Abbeville,24.334927056515877
Waukegan,24.24215821401294
Fairhope,24.209998261996176
Altoona,24.196824224519943
Iowa City,24.1860108787252
Menomonie,24.170894562948423
Findlay,23.958309901398415
Hopkinsville,23.94844127627371
East Providence,23.875776162529498
Spotsylvania,23.817653223352828
Northport,23.7862813610847
Santa Fe,23.698499268378217
Painesville,23.658948777119132
Darlington,23.637593167017037
Loveland,23.621044866085487
East Haven,23.611979547114682
Portage,23.604401319300937
Vienna,23.604208208089045
Fall River,23.536298694765343
Wausau,23.528984571686788
Havertown,23.493571435729386
Northampton,23.450531672609042
Lynchburg,23.405358953912376
Seneca,23.37119478727691
Wantagh,23.28455559628199
Paterson,23.26810896864716
Rome,23.205922676172197
Hanover Park,23.123787481705865
Oswego,23.061360247734832
Deer Park,23.029121375761928
West Babylon,23.013765849127697
West Bend,22.95335447450689
Medford,22.952987733565426
Oceanside,22.92309164043531
Coventry,22.894474034620508
Forest,22.881873330244602
Ottumwa,22.85042966760323
Menomonee Falls,22.815948931081383
Waukesha,22.805379340329242
Selden,22.779331446441162
Amarillo,22.77283297249619
Conway,22.76481482805718
Terre Haute,22.73793010323705
Americus,22.65204954246604
Frankfort,22.64333304285137
Roanoke,22.638960598066326
Waynesville,22.609577588333654
Oxford,22.588994017565447
Reston,22.5794027020621
Charlottesville,22.567177230341386
Xenia,22.500475934995933
Bethesda,22.494957800476353
Starkville,22.475523427333364
Morgantown,22.468829757354467
North Huntingdon Township,22.444559613758493
Statesville,22.435720008740624
Pell City,22.40313873273046
Wake Forest,22.38544742992771
Alliance,22.312351794895875
Palmer,22.289218232914312
Somerton,22.276230652118752
Seguin,22.246652358512577
Fenton,22.174291674261294
Mentor,22.142037581586653
Parkersburg,22.10273394376258
New Philadelphia,22.09315654732337
Greensboro,22.030904106375804
Mooresville,22.00645374813834
Wadsworth,21.98798886773107
Muscatine,21.985515381854658
Hutchinson,21.95038951884396
Lenoir,21.876180654120674
Lumberton,21.73676095278605
Moore,21.721027064538514
Rio Rancho,21.60330748644754
Torrington,21.576766903049922
Henrico,21.56273197970017
Glen Allen,21.543122132462635
Hoover,21.511562759606655
Youngstown,21.49566311626444
Great Falls,21.49212328974544
Kernersville,21.490087494465335
Bergenfield,21.48535136850033
Manitowoc,21.43284005388597
Brunswick,21.38479455116517
Jonesborough,21.36540457257094
Palm Desert,21.320217669823407
Ocean Township,21.31741127021757
New Iberia,21.29334114939534
Williamsport,21.287294669795507
Harrisonburg,21.282316442605996
Asheboro,21.267166568371387
High Point,21.2500201850566
Klamath Falls,21.224966477788833
Lindenhurst,21.204568566709188
Abingdon,21.13653087163021
Casper,21.129582560509263
Bristol,21.12628750559785
Wichita Falls,21.063627260702408
Johnson City,21.058676654182275
Massapequa,21.015426647846475
Charleston,20.989683639798333
Bay City,20.926953432584373
Birmingham,20.912426224278192
Valdosta,20.866181320891318
Saratoga Springs,20.84546778303604
West Warwick,20.82851297077471
Town of Islip,20.8097003463975
Bourbonnais,20.78663913547347
Oro Valley,20.707830514195027
Kankakee,20.6973142356317
Ronkonkoma,20.680585287535273
Poplar Bluff,20.634985956645643
North Augusta,20.595361958563476
Massillon,20.469667981646715
Merrick,20.44734570519842
Neptune Township,20.420148609678574
Oak Creek,20.417575653338886
Syracuse,20.362364543317472
Pearl,20.338684071264773
Des Plaines,20.33487770133331
Kingsport,20.30090304421398
Berwyn,20.248660119160977
Anchorage,20.19660574795187
Linden,20.09432635140638
Rock Springs,20.025634735066014
Powhatan,19.973187081048142
Murrells Inlet,19.937954103165577
South Kingstown,19.927468231258537
Clemmons,19.92284043643378
Fort Dodge,19.908736391702323
Edwardsville,19.907491734419587
Cibolo,19.902810778635935
Houma,19.89484430150861
Orange,19.87335315445309
Council Bluffs,19.851744406682464
Catalina Foothills,19.80800626294836
Patchogue,19.801581080778448
Sanford,19.78454368338618
Glendale Heights,19.754031894765294
Austintown,19.659067984668148
Romeoville,19.633512384535052
Staunton,19.605753178374215
Philadelphia,19.54777958614276
Covington,19.542422295794832
Winston-Salem,19.536975090629035
Sylacauga,19.482362562690174
Mason City,19.468308348695118
Elyria,19.45891174384436
Newington,19.450155365981878
Gonzales,19.37819711265204
Rahway,19.241971662283458
Prairieville,19.22223120106859
McLean,19.21098235818451
Long Branch,19.120909044493484
Long Beach,18.986278068511993
Biloxi,18.970909987365566
Crossville,18.911086843251038
Glen Cove,18.875405208318437
Bellmore,18.85677411343114
Cape Girardeau,18.843237222055613
Edmond,18.842830137726168
West New York,18.713893839988877
Midwest City,18.698125222609576
Coram,18.647429997375006
Bridgeport,18.62910554329482
Greensburg,18.623330643898797
Vicksburg,18.575515708141992
Fair Lawn,18.558300576711705
Cuyahoga Falls,18.502922817794513
Lodi,18.49265086132595
Auburn,18.449945444626294
Derby,18.445824756539427
Radford,18.44025741391893
Guthrie,18.35975812573027
Wilson,18.353995768531234
Festus,18.34891417570971
South Valley,18.316835206125777
North Kingstown,18.266955775063785
Saint Joseph,18.26264227872473
Marion,18.20307247714707
Manheim Township,18.17628853069038
Gaithersburg,18.105035992491096
Centereach,18.060410160347224
Westport,18.040256167431103
Rockville,18.039021640968063
Norman,18.01302227565618
Lake in the Hills,18.00603937673632
Monroeville,17.995075263458748
Bolingbrook,17.979526749968493
Sulphur,17.953641754990706
Menasha,17.925191376228092
Caledonia,17.90612595892707
Lake Charles,17.80363032018489
Tupelo,17.797396112002854
Port Arthur,17.74502734739101
Broken Arrow,17.7141081101653
Belleville,17.70962633223473
Lakewood Township,17.70513191723907
Aurora,17.629164255600564
Searcy,17.569671493071773
Mountain Home,17.506703786571933
Roxboro,17.497705720403793
Town of Manlius,17.494743481917578
Mechanicsville,17.469291010714112
Ocean Springs,17.37687417454202
New Bern,17.338989101446842
Natchez,17.324558628108587
North Bethesda,17.311375708390102
Port Chester,17.227231651088697
New Castle,17.187589444158224
Riverhead,17.055876280525492
Pittsburg,16.947141911277864
Logansport,16.86133749154138
Tahlequah,16.859048914832453
Nicholasville,16.81088008925073
Arnold,16.804615496582706
Elmwood Park,16.771342490192332
Glastonbury,16.744123968186607
New Brunswick,16.7335699424795
Chapel Hill,16.726694853815417
Wichita,16.648984604074947
Gulfport,16.58771111071976
Liverpool,16.577883718520052
Grovetown,16.51661463955422
Town Of Cicero,16.44998937639435
Frederick,16.443600233781414
Alamogordo,16.441524400167893
Harker Heights,16.43175426728018
Elmhurst,16.38504002208115
Gillette,16.371818616071803
Braintree,16.363545485562536
Fort Lee,16.336437604156455
Racine,16.306209079789912
Muskogee,16.290976681311253
Gretna,16.289732181372248
West Chicago,16.27818294484961
Sand Springs,16.095269825533677
Chesterfield,16.023049343668767
Oakville,15.98654407647851
Martinez,15.96607906325831
Martinsville,15.94024635898533
Holyoke,15.92478401901275
Owasso,15.897842909379516
Waynesboro,15.885578504843723
Horn Lake,15.884979314299757
Goldsboro,15.84141640899657
Chester,15.840576483577395
Smyrna,15.84021381186465
Tallahassee,15.805350294640352
Paramus,15.804295043072386
Chicago,15.773922857758956
Albuquerque,15.623414510400814
Clifton,15.61878402627817
Kent,15.516072253000923
Hazleton,15.507284288473922
Town of Oswego,15.47902779724959
Passaic,15.454970873473076
East Northport,15.397149367539791
Emporia,15.389900741006965
Yukon,15.382111122459403
Brandon,15.352546150603697
Isla Vista,15.319829715236938
Prattville,15.295669824086602
Hackensack,15.242649479356169
Portsmouth,15.235734312549297
Killeen,15.229470220909153
Lombard,15.176795416085264
O Fallon,15.167394468704511
Mandeville,15.100925340777351
Rockville Centre,15.088997308209958
Shelby,15.052182695544833
Fort Smith,14.952473799658787
Kinston,14.923659589068212
Shawnee,14.860159340353224
Wetumpka,14.857007009901244
King of Prussia,14.842133669155347
Boardman,14.82138453074311
Severna Park,14.791283967821625
Richmond,14.787703071835914
Orangeburg,14.720567280397635
Yuma,14.654614174893284
Lawton,14.617601749242159
Wildwood,14.592246008718812
Livingston,14.538909296827024
Cedar Falls,14.494394265927307
Boone,14.474356259265258
Laurel,14.446732160715337
King George,14.439313059521961
Tulsa,14.425997695611187
Mehlville,14.419303005558042
Corinth,14.40677966101695
Irvington,14.390455209287358
Marshalltown,14.362222619711492
Shaker Heights,14.314096357132463
Toledo,14.25526911431847
Manalapan Township,14.224635301843428
Clovis,14.209829208783548
Winterville,14.103080722734953
Lucedale,14.089715846606833
Joliet,14.089475528559747
Augusta,14.059381869384199
Jefferson City,14.012992562228868
Garfield,13.954191888483875
Chicopee,13.937412476218638
Round Lake Beach,13.927616357681561
Bartlesville,13.903117982469757
Dekalb,13.803522413705233
West Orange,13.772619569499858
Allentown,13.74173434239308
Brownsville,13.583850176334671
Downers Grove,13.572962761690343
Woodridge,13.560958912482732
Streamwood,13.530314985818173
Yorktown,13.492599190761254
Huntley,13.49101429687665
Gallup,13.472823147647379
Denham Springs,13.466483212033294
Ridgecrest,13.458994892001527
Cedar Rapids,13.453981146205694
Colonial Heights,13.245061916330627
Amherst,13.205197483245446
Pineville,13.179547458125185
Myrtle Beach,13.164043616049847
Naperville,13.157428216873395
Savannah,13.157100163292974
Princeton,13.041723738430763
Barberton,13.037926675094816
Evans,12.968283223742016
Dodge City,12.946361944939158
Union,12.81531475336211
Christiansburg,12.699040932452277
Parma,12.672795597906322
Carol Stream,12.641516757740561
Neenah,12.594680667929076
Skokie,12.59288757041919
Bowling Green,12.559215535831575
Slidell,12.550964403324446
Englewood,12.538494306234247
Addison,12.480308369854958
Tuscaloosa,12.364696374173672
Mount Airy,12.34553380805666
Cabot,12.310647992743737
Natchitoches,12.277987960564325
West Springfield,12.246630193100776
Roanoke Rapids,12.132732308694944
Batavia,12.087174099067385
North Potomac,12.045684479586352
Ravenna,12.003704502087773
Hopewell,11.929128875764606
Kenner,11.898504708986763
Agawam,11.88982011913063
North Wales,11.665168835902689
Jamestown,11.618715229615047
Fairbanks,11.508093170153968
Hilton Head Island,11.491984340922206
Bloomingdale,11.467143243814446
Lima,11.436942300231442
Estero,11.418189115773027
Amityville,11.401593150536469
Abington Township,11.28495233988039
Commack,11.284209160819033
Lower Merion Township,11.241519192184263
Hattiesburg,11.194706994328921
Beaufort,11.187751299638467
Hillsborough Township,11.184406659760997
Oshkosh,11.158798283261802
Marlboro Township,11.1063701466941
Freehold,11.09473318070496
Washington,11.08770814290824
Schaumburg,10.995693030540329
Westfield,10.946847658911132
Howell Township,10.9144365774631
Ellicott City,10.862712651100843
Annapolis,10.836277393317374
Dix Hills,10.784558333963025
Alexandria,10.763036732044704
Saginaw,10.762130632651754
Chambersburg,10.717487570974491
Madison,10.636008876573547
Lisle,10.580380818156062
Sykesville,10.564606749252924
Waldorf,10.553890088656512
Topeka,10.499567664860859
Wilmette,10.460833046168275
Nutley,10.089674243505756
Middletown Township,10.08790817734295
Immokalee,10.084070824450757
New Lenox,9.995731720550681
Ridgewood,9.988539988584696
Danville,9.885467039959277
Jackson Township,9.838616539525272
Burbank,9.833357546799249
West Windsor Township,9.731132149942901
Glen Ellyn,9.65827114517766
Antioch,9.522453586257598
Town of Colonie,9.515372681757281
Teaneck,9.494213404227555
Pasadena,9.391862759188365
Town of Elmira,9.286660141631643
Elkridge,9.276839545651377
Aiken,9.26725186013714
Crystal Lake,9.266465832196392
Geneva,9.259185297379666
Petersburg,9.222137083817387
Lutherville Timonium,9.12180355654821
Gurnee,9.093972802990184
Piscataway,9.0724661458662
El Paso,9.037061316226911
Windsor Mill,8.997089693028427
Harvey,8.973037586373033
Irmo,8.884490332091039
Catonsville,8.877833018553494
Franklin,8.824755815569679
Yonkers,8.807978875221298
Socorro,8.793373544834573
Algonquin,8.717416851023966
Town Of Clifton Park,8.63199354590965
Bear,8.62593650461336
Columbus,8.549966075409518
Westminster,8.541542897956731
Williamsburg,8.539923699886218
Junction City,8.51329508108812
Elgin,8.50038711837452
Bel Air,8.46522796770744
Potomac,8.454447332481607
Pittsfield,8.448180815876515
Glen Burnie,8.443804374771286
Parkville,8.4289931124959
Bethlehem,8.372172274508625
Jasper,8.358616232518894
Needham,8.352109162472628
La Place,8.351906391785402
Randallstown,8.28591164764317
Perrysburg,8.275481648907546
Virginia Beach,8.26414207189423
Danbury,8.165606424027532
Canton,8.141609540801953
Edison,8.106919331431998
Chesapeake,8.08585441581024
Bartlett,8.00326141403505
Greenwich,7.98732303568898
Buffalo Grove,7.919194765033591
Hagerstown,7.890968312578095
Front Royal,7.874949403557227
Claremore,7.8417042852892855
Moss Point,7.8284003990688396
Mount Prospect,7.814872328725432
Euclid,7.7853706157171745
Oak Lawn,7.7616442377281905
Old Bridge Township,7.749219049706801
Elk Grove Village,7.747338363640551
University City,7.722110670345157
Town Of Bethlehem,7.713003069106172
Scotch Plains,7.686234250280362
New Rochelle,7.586740641183252
Niles,7.387257637676202
Suffolk,7.3792767634561205
Saint Charles,7.316076433468079
Northbrook,7.278409218650681
Park Ridge,7.26900060391999
Mundelein,7.204115112903297
Lochearn,7.194952506687632
South Holland,7.134636711747842
Wheaton,7.09063793523253
Bridgewater Township,6.955109372451681
Waterloo,6.92635423006695
Schenectady,6.923499800584235
Town of Watertown,6.738967447212875
Hoffman Estates,6.6207599139720035
Brick Township,6.499766868958326
Ridgeland,6.427237267120408
Collinsville,6.276204192670827
Franklin Township,6.180950579745988
Sonora,6.148353298408355
Towson,6.088466766725739
Odenton,6.078561659742472
Scarsdale,6.074301561673861
East Brunswick,5.97974183011218
Little Rock,5.937294301056642
South Brunswick Township,5.887824388428983
Berkeley Township,5.856646204396208
Champaign,5.751525959433401
Willingboro Township,5.750018713760084
Farmington,5.675186854126249
Anniston,5.66366785336284
Bernards Township,5.622084257656441
Guilderland,5.606273551278134
Severn,5.546262800376498
Marrero,5.503076294744608
Akron,5.4861442569559475
Sayreville,5.3425689467087185
Clinton,5.328890404848739
Moline,5.320849727639124
Rocky Mount,5.300534613060973
Culpeper,5.167650620647896
Pine Bluff,5.146500042219032
Pikesville,5.11380208760057
Warner Robins,5.008148110814306
Arlington Heights,4.784437751610002
Benton,4.67073383301377
Parsippany-Troy Hills Township,4.5102406482258095
Upper Darby Township,4.486599457091838
Branford,4.429066299517916
Manchester Township,4.243098598171119
Hope Mills,4.205039565722311
Town of Poughkeepsie,4.037075600743146
White Plains,3.986774095469748
Lorain,3.9391373579850626
Mahwah Township,3.8816854222686823
Halethorpe,3.777486923187994
Ponchatoula,3.7183011583011587
Laredo,3.7069263264167485
Evanston,3.6957241462337977
Baton Rouge,3.5150337723360514
Orland Park,3.4561810989364052
Rock Island,3.4493114724922695
North Brunswick Township,3.20378673041979
Libertyville,3.098562043102167
Town Of Clarkstown,3.0809421894068083
Harlingen,3.0313565296327414
Rolla,2.993661292545129
Evesham Township,2.970017337754284
Erie,2.9666013454474505
Cleveland Heights,2.9663784523513312
Florissant,2.916378836990984
Oak Forest,2.8967375128012387
Carpentersville,2.7976393472945555
Palatine,2.728073052424436
Phenix City,2.6739868867999053
Talladega,2.6583067502658304
Baltimore,2.657884747297828
East Windsor Township,2.440888707704851
Randolph Township,2.3907910271546635
Urbana,2.214915810207007
Alton,2.1548404632831493
Zachary,2.1009165763494857
Elkton,2.0939824292599605
Owings Mills,2.045035460992908
Glenview,1.8818687704787143
Cherry Hill Township,1.8804160066515192
Victoria,1.875911441071192
Reisterstown,1.6747578694588525
Rockaway Township,1.5991086465863915
West Haven,1.2827351722693894
Elizabeth City,1.191886805603959
South Windsor,0.9988565828160733
Saint Louis,0.9163089484585597
Drexel Hill,0.898519314034687
Wayne,0.8558928563584691
New Britain,0.6646778340864268
Lawrence Township,0.6350340884099406
Bossier City,0.6279642494976916
Normal,0.6216780262668423
Nottingham,0.60108042303888
Dothan,0.5830119982179343
Belvidere,0.5335419619210076
Hammond,0.5289557683538532
West Memphis,0.39530540750535026
Mobile,0.34839946687866813
Lebanon,0.1430707500995041
Town Of Carmel,-0.045728559206191545
Picayune,-0.060310599587877566
Winslow Township,-0.0744794899283417
Tinley Park,-0.23037850934053086
Hartford,-0.30562087730170723
Middletown,-0.5471967583366547
Granite City,-0.6491784053944631
Mansfield,-0.705456256670112
Middle River,-0.7329842931937173
Salisbury,-0.7384074250299639
Stratford,-0.7897021312396986
Enfield,-0.8844862046939069
Wethersfield,-0.9432069808889677
Mt Laurel Township,-1.1284295407611369
Washington Township,-1.2354288690463056
Toms River,-1.3065395424494495
East Hartford,-1.310806704224035
North Little Rock,-1.3789242897793534
New Haven,-1.442179521358407
Lacey Township,-1.5179578889101786
Highland Park,-1.8367492680139972
Norwalk,-2.0043905698196047
Wilmington,-2.0426296050354935
West Milford,-2.083927582677562
Deptford Township,-2.1040510216133224
Wallingford,-2.2278088910337708
Trumbull,-2.3345591040175777
Southington,-2.6145647250521344
West Hartford,-2.6833756578705237
Norristown,-2.728512960436562
Essex,-2.8247988824124475
Lansing,-2.952475201234289
Cheshire,-3.0219095281819897
Jacksonville,-3.0640252441324196
East Stroudsburg,-3.127584836342933
Garfield Heights,-3.1725778278805294
Shreveport,-3.284674848074705
Egg Harbor Township,-3.4231822383452224
Las Cruces,-3.6633080945724967
Burlington Township,-3.6718905666588695
Easton,-3.716472306328453
New Milford,-3.9564360901258233
Freeport,-4.005992074997584
Voorhees Township,-4.381304063201114
Town of Plattsburgh,-4.620317829579214
Sicklerville,-4.65544980791872
Monroe Township,-4.706143568753138
Newport News,-4.728060106961521
Wilkes-Barre,-5.09951901357923
Meriden,-5.848528169126361
Frontier,-5.920708543295866
Vernon Rockville,-5.930120493039256
Waterbury,-6.207389950340881
Galloway Township,-6.421041104618172
Carbondale,-7.517297309145107
Hamilton Township,-7.770637265352947
Hamden,-8.050799505417357
Shrewsbury,-8.070767007510236
Pekin,-8.100597197311627
Gadsden,-8.620380872783715
New London,-10.802522257514356
Ridgefield,-10.938149238883515
Binghamton,-10.977669000322537
Ewing Township,-11.205089279259742
Warren,-12.004470449017159
Peoria,-12.329425427750468
Calumet City,-14.474018855514142
Norwich,-14.672132913847346
Scranton,-14.677373051657463
Dundalk,-15.074435168427813
Vineland,-15.74994375933084
Westwego,-16.434962978874797
Bridgeton,-18.26832351762203
Harrisburg,-18.61055611055611
Millville,-20.83282357713631
Trenton,-21.28483568230078
Gary,-24.196152166068412
Camden,-27.07310977826245
Atlantic City,-32.894000657557
Chester Township,-39.53270908322338
